{"cameraMode":{"drawMode":0,"name":"Shaded","section":"Shading Mode"},"sceneLighting":false,"audioPlay":false,"sceneViewState":{"showFog":true,"showMaterialUpdate":false,"showSkybox":false,"showFlares":true,"showImageEffects":true,"showParticleSystems":true},"in2DMode":false,"pivot":{"x":0.1119997501373291,"y":2.509999990463257,"z":1.0199999809265137},"rotation":{"x":0.20552369952201844,"y":0.3531680107116699,"z":-0.07983316481113434,"w":0.9092122912406921},"size":3.3622066974639894,"orthographic":false}