{"cameraMode":{"drawMode":0,"name":"Shaded","section":"Shading Mode"},"sceneLighting":true,"audioPlay":false,"sceneViewState":{"showFog":true,"showMaterialUpdate":false,"showSkybox":true,"showFlares":true,"showImageEffects":true,"showParticleSystems":true},"in2DMode":false,"pivot":{"x":-5.214590072631836,"y":-1.1904910802841187,"z":9.948023796081543},"rotation":{"x":-0.18164819478988648,"y":0.2822650372982025,"z":-0.05452227219939232,"w":-0.9404044151306152},"size":9.62963581085205,"orthographic":false}