{"cameraMode":{"drawMode":0,"name":"Shaded","section":"Shading Mode"},"sceneLighting":false,"audioPlay":false,"sceneViewState":{"showFog":true,"showMaterialUpdate":false,"showSkybox":false,"showFlares":true,"showImageEffects":true,"showParticleSystems":true},"in2DMode":false,"pivot":{"x":0.1119997501373291,"y":2.509999990463257,"z":1.0199995040893555},"rotation":{"x":0.10180951654911041,"y":0.07899677753448487,"z":-0.00811096467077732,"w":0.9916331768035889},"size":3.3622066974639894,"orthographic":false}